{"cameraMode":{"drawMode":0,"name":"Shaded","section":"Shading Mode"},"sceneLighting":false,"audioPlay":false,"sceneViewState":{"m_AlwaysRefresh":false,"showFog":true,"showSkybox":false,"showFlares":true,"showImageEffects":true,"showParticleSystems":true,"showVisualEffectGraphs":true,"m_FxEnabled":true},"in2DMode":false,"pivot":{"x":-0.47301897406578066,"y":0.03772440180182457,"z":0.7426149845123291},"rotation":{"x":0.09534015506505966,"y":0.806028425693512,"z":-0.13521423935890199,"w":0.5683010220527649},"size":1.71725332736969,"orthographic":false}