{"cameraMode":{"drawMode":0,"name":"Shaded","section":"Shading Mode"},"sceneLighting":false,"audioPlay":false,"sceneViewState":{"m_AlwaysRefresh":false,"showFog":true,"showSkybox":false,"showFlares":true,"showImageEffects":true,"showParticleSystems":true,"showVisualEffectGraphs":true,"m_FxEnabled":true},"in2DMode":false,"pivot":{"x":0.35610735416412356,"y":-1.2162731885910035,"z":-1.6504701375961304},"rotation":{"x":0.06032278388738632,"y":0.9345519542694092,"z":-0.2933979034423828,"w":0.1921837031841278},"size":3.0236713886260988,"orthographic":false}