{"cameraMode":{"drawMode":0,"name":"Shaded","section":"Shading Mode"},"sceneLighting":true,"audioPlay":false,"sceneViewState":{"m_AlwaysRefresh":false,"showFog":true,"showSkybox":true,"showFlares":true,"showImageEffects":true,"showParticleSystems":true,"showVisualEffectGraphs":true,"m_FxEnabled":true},"in2DMode":false,"pivot":{"x":1.9708757400512696,"y":3.2379260063171388,"z":0.9760035276412964},"rotation":{"x":0.004881290718913078,"y":0.9854626655578613,"z":-0.167447030544281,"w":0.028697745874524118},"size":4.858719825744629,"orthographic":false}