{"cameraMode":{"drawMode":0,"name":"Shaded","section":"Shading Mode"},"sceneLighting":true,"audioPlay":false,"sceneViewState":{"m_AlwaysRefresh":false,"showFog":true,"showSkybox":true,"showFlares":true,"showImageEffects":true,"showParticleSystems":true,"showVisualEffectGraphs":true,"m_FxEnabled":true},"in2DMode":false,"pivot":{"x":0.9440798759460449,"y":1.069469928741455,"z":0.017828982323408128},"rotation":{"x":0.027591457590460779,"y":0.9692761301994324,"z":-0.1286928951740265,"w":0.20781029760837556},"size":1.3442306518554688,"orthographic":false}