{"cameraMode":{"drawMode":0,"name":"Shaded","section":"Shading Mode"},"sceneLighting":false,"audioPlay":false,"sceneViewState":{"m_AlwaysRefresh":false,"showFog":true,"showSkybox":false,"showFlares":true,"showImageEffects":true,"showParticleSystems":true,"showVisualEffectGraphs":true,"m_FxEnabled":true},"in2DMode":false,"pivot":{"x":0.000003861263394355774,"y":0.000002205371856689453,"z":0.05628466606140137},"rotation":{"x":0.14038528501987458,"y":0.47462332248687746,"z":-0.07698431611061096,"w":0.8655060529708862},"size":0.14793595671653748,"orthographic":true}