{"cameraMode":{"drawMode":0,"name":"Shaded","section":"Shading Mode"},"sceneLighting":false,"audioPlay":false,"sceneViewState":{"m_AlwaysRefresh":false,"showFog":true,"showSkybox":false,"showFlares":true,"showImageEffects":true,"showParticleSystems":true,"showVisualEffectGraphs":true,"m_FxEnabled":true},"in2DMode":false,"pivot":{"x":3.725290298461914e-9,"y":-2.9802322387695315e-8,"z":0.040218889713287356},"rotation":{"x":0.14038528501987458,"y":0.47462332248687746,"z":-0.07698431611061096,"w":0.8655060529708862},"size":0.14242105185985566,"orthographic":true}