{"cameraMode":{"drawMode":0,"name":"Shaded","section":"Shading Mode"},"sceneLighting":false,"audioPlay":false,"sceneViewState":{"m_AlwaysRefresh":false,"showFog":true,"showSkybox":false,"showFlares":true,"showImageEffects":true,"showParticleSystems":true,"showVisualEffectGraphs":true,"m_FxEnabled":true},"in2DMode":false,"pivot":{"x":2.441340923309326,"y":1.3600000143051148,"z":3.0830469131469728},"rotation":{"x":-0.11969567835330963,"y":-0.6860616207122803,"z":0.11592915654182434,"w":-0.7082463502883911},"size":0.4279994070529938,"orthographic":false}