{"cameraMode":{"drawMode":0,"name":"Shaded","section":"Shading Mode"},"sceneLighting":false,"audioPlay":false,"sceneViewState":{"m_AlwaysRefresh":false,"showFog":false,"showSkybox":false,"showFlares":false,"showImageEffects":false,"showParticleSystems":false,"showVisualEffectGraphs":true,"m_FxEnabled":true},"in2DMode":false,"pivot":{"x":-2.3159421402851877e-7,"y":2.0177805423736574,"z":-0.030876848846673967},"rotation":{"x":0.04585111513733864,"y":0.9391722083091736,"z":-0.3110244870185852,"w":0.1385020613670349},"size":3.6314005851745607,"orthographic":false}